time,open,high,low,close
2020-01-01T21:30:00Z,436.22,438.35,434.91,436.82
2020-01-02T21:30:00Z,436.82,448.19,436.82,443.35
2020-01-05T21:30:00Z,443.35,451.06,443.15,444.63
2020-01-06T21:30:00Z,444.63,444.63,439.8,442.35
2020-01-07T21:30:00Z,442.35,453.16,429.14,431.04
2020-01-08T21:30:00Z,431.09,433.27,427.64,430.6
2020-01-09T21:30:00Z,430.65,432.03,429,430.12
2020-01-12T21:30:00Z,426.38,427.08,425.88,426.16
2020-01-13T21:30:00Z,427.72,427.72,426.68,426.96
2020-01-14T21:30:00Z,425.45,427.17,425.45,426.84
2020-01-15T21:30:00Z,425.84,426.18,425.56,425.83
2020-01-16T21:30:00Z,425.84,427.66,425.14,427.08
2020-01-20T21:30:00Z,426.91,428.31,423.08,424.94
2020-01-21T21:30:00Z,425.14,425.25,417.7,418.73
2020-01-22T21:30:00Z,418.53,418.53,410.71,413.4
2020-01-23T21:30:00Z,413.65,415.11,405.08,406.47
2020-01-26T21:30:00Z,406.27,406.27,395.78,397.96
2020-01-27T21:30:00Z,398.34,402.31,395.58,400.29
2020-01-28T21:30:00Z,400.39,403.98,397.5,398.48
2020-01-29T21:30:00Z,398.75,398.75,390.02,393.24
2020-01-30T21:30:00Z,392.02,396.96,386.86,388.47
2020-02-02T21:30:00Z,388.8,389.36,380.13,381.06
2020-02-03T21:30:00Z,381.35,388,380.05,380.92
2020-02-04T21:30:00Z,380.33,390.24,380.33,387.34
2020-02-05T21:30:00Z,386.28,392.13,383.7,387.54
2020-02-06T21:30:00Z,387.86,389.71,384.68,386.36
2020-02-09T21:30:00Z,386.84,387.2,381.79,382.38
2020-02-10T21:30:00Z,382.78,387.63,382.78,384.34
2020-02-11T21:30:00Z,385.17,393.34,385.17,392.63
2020-02-12T21:30:00Z,392.56,395.7,389.79,394.38
2020-02-13T21:30:00Z,394.01,397.67,393.04,396.23
2020-02-17T21:30:00Z,396.23,398.55,392.89,398.12
2020-02-18T21:30:00Z,398.34,404.24,397.55,403.77
2020-02-19T21:30:00Z,403.64,406.61,402.89,403.07
2020-02-20T21:30:00Z,403.22,403.22,397.68,400.5
2020-02-23T21:30:00Z,400.54,400.54,385.55,389.7
2020-02-24T21:30:00Z,389.26,391.84,382.09,382.69
2020-02-25T21:30:00Z,382.82,384.14,374.62,375.93
2020-02-26T21:30:00Z,376.2,376.2,362.38,367.75
2020-02-27T21:30:00Z,367.9,367.9,354.09,359
2020-03-01T21:30:00Z,358.44,370.46,357.66,369.15
2020-03-02T21:30:00Z,368.82,378.28,368.51,371.46
2020-03-03T21:30:00Z,371.06,375.99,369.36,370.97
2020-03-04T21:30:00Z,370.11,373.48,364.56,365.22
2020-03-05T21:30:00Z,365.59,366.59,344.51,345.25
2020-03-08T20:30:00Z,345.53,345.7,290.89,305.42
2020-03-09T20:30:00Z,305.88,321.56,305.88,319.61
2020-03-10T20:30:00Z,319.54,327.77,311.81,312.57
2020-03-11T20:30:00Z,314.12,315.49,296.24,300.39
2020-03-12T20:30:00Z,300.68,311.7,295.84,298.95
2020-03-15T20:30:00Z,298.61,298.61,277.49,280.11
2020-03-16T20:30:00Z,279.13,285.61,273.5,274.15
2020-03-17T20:30:00Z,273.98,276.11,249.43,254.52
2020-03-18T20:30:00Z,251.02,274.64,251.02,269.74
2020-03-19T20:30:00Z,269.53,282.46,260.68,262.56
2020-03-22T20:30:00Z,261.59,264.73,254.42,264.02
2020-03-23T20:30:00Z,263.63,273.25,263.63,270.03
2020-03-24T20:30:00Z,270.58,275.9,266.61,274.28
2020-03-25T20:30:00Z,273.38,273.67,265.19,266.83
2020-03-26T20:30:00Z,266.17,268.54,259.68,261.91
2020-03-29T20:30:00Z,261.54,261.54,251.59,254.64
2020-03-30T20:30:00Z,254.64,260.58,254.17,255.47
2020-03-31T20:30:00Z,255.54,255.6,246.85,248.22
2020-04-01T20:30:00Z,247.12,279.55,247.12,263.16
2020-04-02T20:30:00Z,263.95,280.35,259.2,276.89
2020-04-05T20:30:00Z,275.44,277.27,267.43,272.02
2020-04-06T20:30:00Z,274.14,280.06,270.38,271.65
2020-04-07T20:30:00Z,273.7,280.61,273.36,278.44
2020-04-08T20:30:00Z,280.15,292.79,276.15,278.11
2020-04-12T20:30:00Z,279.99,286.59,277.09,280.63
2020-04-13T20:30:00Z,284.24,288.1,278,279.51
2020-04-14T20:30:00Z,278.54,280.97,269.18,271.2
2020-04-15T20:30:00Z,270.95,275.71,268.37,270.61
2020-04-16T20:30:00Z,270.66,275.49,269.73,270.89
2020-04-19T20:30:00Z,270.57,270.57,258.2,260.11
2020-04-20T20:30:00Z,258.69,264.44,217.95,230.21
2020-04-21T20:30:00Z,228.24,244.16,220.1,237.81
2020-04-22T20:30:00Z,236.8,251.49,235.39,244.56
2020-04-23T20:30:00Z,243.35,247.85,239.1,242.14
2020-04-26T20:30:00Z,241.45,241.75,227.95,231.01
2020-04-27T20:30:00Z,230.45,235.09,222.99,231.16
2020-04-28T20:30:00Z,239.97,250.59,239.97,245.99
2020-04-29T20:30:00Z,246.03,258.3,246.03,256.76
2020-04-30T20:30:00Z,257.04,261.51,252.09,256.41
2020-05-03T20:30:00Z,256.49,260.58,251.78,259.98
2020-05-04T20:30:00Z,259.09,274.57,259.09,274.1
2020-05-05T20:30:00Z,274.17,278.77,264.46,269.12
2020-05-06T20:30:00Z,270.12,280.22,268.83,270.88
2020-05-07T20:30:00Z,273,278.5,272.88,277.8
2020-05-10T20:30:00Z,279.79,281.83,273.39,274.85
2020-05-11T20:30:00Z,275.75,279.05,274.94,277.13
2020-05-12T20:30:00Z,278.37,278.79,271.55,272.87
2020-05-13T20:30:00Z,272.9,280.97,271.8,279.65
2020-05-14T20:30:00Z,279.94,285.89,279.46,285.33
2020-05-17T20:30:00Z,285.15,300.7,285.15,296.36
2020-05-18T20:30:00Z,296.36,300.25,294.55,296.49
2020-05-19T20:30:00Z,296.49,303.62,295.35,301.52
2020-05-20T20:30:00Z,301.52,305.62,299.58,301.52
2020-05-21T20:30:00Z,301.52,302.21,290.51,297.92
2020-05-25T20:30:00Z,297.92,305.38,297.92,303.49
2020-05-26T20:30:00Z,303.49,303.49,295.35,297.3
2020-05-27T20:30:00Z,297.3,301.9,292.74,299.51
2020-05-28T20:30:00Z,299.51,308.06,295.39,307.08
2020-05-31T20:30:00Z,307.08,308.51,302.57,307.35
2020-06-01T20:30:00Z,307.35,313.02,307.34,312.67
2020-06-02T20:30:00Z,312.67,316.68,309.52,313.91
2020-06-03T20:30:00Z,313.91,316.46,310.83,316
2020-06-04T20:30:00Z,316.51,326.27,315.59,325.54
2020-06-07T20:30:00Z,326.07,329.91,321.03,321.63
2020-06-08T20:30:00Z,322.2,324.85,318,324.41
2020-06-09T20:30:00Z,325.02,328.56,321.65,327.43
2020-06-10T20:30:00Z,327.97,327.97,311.46,313.28
2020-06-11T20:30:00Z,314.79,318.65,307.81,314.28
2020-06-14T20:30:00Z,314.28,317.69,307.14,317.2
2020-06-15T20:30:00Z,317.2,325.92,315.74,322.31
2020-06-16T20:30:00Z,322.31,323.96,318.13,321.63
2020-06-17T20:30:00Z,321.63,324.7,318.7,324.4
2020-06-18T20:30:00Z,324.4,330.69,323.3,327.64
2020-06-21T20:30:00Z,327.64,330.73,325.75,330.63
2020-06-22T20:30:00Z,330.63,333.84,326.03,329.77
2020-06-23T20:30:00Z,329.77,330.33,316.98,319.02
2020-06-24T20:30:00Z,319.02,321.64,314.5,320.22
2020-06-25T20:30:00Z,320.22,323.17,315.48,317.49
2020-06-28T20:30:00Z,318.09,325.19,314.78,324.24
2020-06-29T20:30:00Z,324.57,328.42,322.46,325.49
2020-06-30T20:30:00Z,325.48,331.38,324.69,328.86
2020-07-01T20:30:00Z,328.74,333.16,327.73,331.88
2020-07-05T20:30:00Z,332.86,336.16,332.12,334.28
2020-07-06T20:30:00Z,334.28,336.42,331.08,335.18
2020-07-07T20:30:00Z,335.51,337.81,334.12,337.25
2020-07-08T20:30:00Z,337.65,339.24,333.37,333.88
2020-07-09T20:30:00Z,334.28,338.54,330.2,337.9
2020-07-12T20:30:00Z,338.3,338.43,334.86,336.24
2020-07-13T20:30:00Z,336.63,337.57,331.63,335.75
2020-07-14T20:30:00Z,335.75,340.12,334.71,339.95
2020-07-15T20:30:00Z,339.95,340.06,337.53,338.3
2020-07-16T20:30:00Z,338.3,338.83,335.1,337.46
2020-07-19T20:30:00Z,337.46,337.86,333.13,337.3
2020-07-20T20:30:00Z,337.3,345.15,336.95,343.2
2020-07-21T20:30:00Z,343.2,344.01,339.44,343.67
2020-07-22T20:30:00Z,343.67,346.32,341.04,341.66
2020-07-23T20:30:00Z,341.66,343.09,339.41,342.01
2020-07-26T20:30:00Z,342.01,344.26,339.03,342.56
2020-07-27T20:30:00Z,342.56,345.15,340.36,341.36
2020-07-28T20:30:00Z,341.37,343.99,341,343.38
2020-07-29T20:30:00Z,343.38,343.81,332.1,337.76
2020-07-30T20:30:00Z,337.76,341.14,337.43,339.82
2020-08-02T20:30:00Z,339.82,345.64,337.37,344.71
2020-08-03T20:30:00Z,344.71,348.05,340.66,346.67
2020-08-04T20:30:00Z,346.67,355.53,346.2,350.3
2020-08-05T20:30:00Z,350.3,352.92,348.09,349.28
2020-08-06T20:30:00Z,349.77,350.97,344.29,345.15
2020-08-09T20:30:00Z,345.69,350.22,345.69,348.77
2020-08-10T20:30:00Z,349.3,352.13,346.82,347.09
2020-08-11T20:30:00Z,347.65,352.6,345.84,351.82
2020-08-12T20:30:00Z,352.4,353.1,351.02,352.05
2020-08-13T20:30:00Z,352.05,353.52,350.16,352.17
2020-08-16T20:30:00Z,352.17,357.34,352.17,357.21
2020-08-17T20:30:00Z,357.21,358.8,355.4,358.23
2020-08-18T20:30:00Z,358.23,358.77,356.23,358.53
2020-08-19T20:30:00Z,358.53,358.53,352.05,356.31
2020-08-20T20:30:00Z,356.31,357.75,349.96,353.36
2020-08-23T20:30:00Z,353.36,357.53,353.1,356.18
2020-08-24T20:30:00Z,356.18,360.65,355.82,360.04
2020-08-25T20:30:00Z,360.04,361.5,358.67,359.87
2020-08-26T20:30:00Z,359.83,360.78,355.86,358.83
2020-08-27T20:30:00Z,358.83,361.18,358.04,359.95
2020-08-30T20:30:00Z,359.95,363.13,357.97,358.21
2020-08-31T20:30:00Z,358.21,362.61,358.2,359.76
2020-09-01T20:30:00Z,359.74,361.51,352.95,353.72
2020-09-02T20:30:00Z,353.72,354.56,347.13,350.86
2020-09-03T20:30:00Z,350.86,354.37,345.45,347.11
2020-09-07T20:30:00Z,347.97,347.97,332.69,335.58
2020-09-08T20:30:00Z,336.59,342.46,334.66,341.06
2020-09-09T20:30:00Z,342.01,343.27,338.99,339.76
2020-09-10T20:30:00Z,340.56,343.15,338.21,341.05
2020-09-13T20:30:00Z,342.06,344.22,341.04,342.49
2020-09-14T20:30:00Z,342.49,346,341.7,345.14
2020-09-15T20:30:00Z,345.14,352.34,344.95,351.99
2020-09-16T20:30:00Z,351.94,357,347.98,356.23
2020-09-17T20:30:00Z,356.23,359.11,354.1,358.03
2020-09-20T20:30:00Z,358.03,358.53,345.24,347.36
2020-09-21T20:30:00Z,347.36,351.09,345.85,347.96
2020-09-22T20:30:00Z,347.9,350.97,344.37,347.73
2020-09-23T20:30:00Z,347.73,348.89,344.45,348.47
2020-09-24T20:30:00Z,348.41,350.54,346.23,348.23
2020-09-27T20:30:00Z,348.23,351.18,346.58,350.56
2020-09-28T20:30:00Z,350.56,351.38,341.64,344.88
2020-09-29T20:30:00Z,344.88,350.72,341.17,350.18
2020-09-30T20:30:00Z,350.18,352.15,339.26,343.47
2020-10-01T20:30:00Z,343.4,343.4,334.42,337.48
2020-10-04T20:30:00Z,337.48,349.51,337.48,347.38
2020-10-05T20:30:00Z,347.38,355.95,346.98,353.74
2020-10-06T20:30:00Z,354.49,354.49,349.92,353.48
2020-10-07T20:30:00Z,354.22,360.04,353.67,359.08
2020-10-08T20:30:00Z,359.77,363.67,359.4,360.58
2020-10-11T20:30:00Z,361.25,361.45,354.94,355.79
2020-10-12T20:30:00Z,356.4,360.22,355.88,358.41
2020-10-13T20:30:00Z,358.41,362.41,356.42,362.2
2020-10-14T20:30:00Z,362.2,363.36,354.91,363.22
2020-10-15T20:30:00Z,363.25,363.99,360.21,362.61
2020-10-18T20:30:00Z,362.61,364.34,361.46,362.14
2020-10-19T20:30:00Z,362.14,365.43,359.93,364.79
2020-10-20T20:30:00Z,364.79,365.24,359.33,360.11
2020-10-21T20:30:00Z,360.11,363.83,358.29,361.48
2020-10-22T20:30:00Z,361.48,362.68,357.59,358.77
2020-10-25T20:30:00Z,358.77,358.77,351.55,353.14
2020-10-26T20:30:00Z,353.14,358.5,353.04,357.26
2020-10-27T20:30:00Z,357.26,357.26,345.29,346.56
2020-10-28T20:30:00Z,346.55,348.26,335.02,341.16
2020-10-29T20:30:00Z,341.16,343.42,337.76,340.78
2020-11-01T21:30:00Z,340.78,345.7,333.11,345
2020-11-02T21:30:00Z,345,351.69,344.36,348.47
2020-11-03T21:30:00Z,348.47,355.22,344.88,354.79
2020-11-04T21:30:00Z,354.79,358.94,351.9,354.9
2020-11-05T21:30:00Z,355.55,355.55,349.3,349.62
2020-11-08T21:30:00Z,350.36,366.4,350.36,361.29
2020-11-09T21:30:00Z,362.02,369.64,359.65,369.64
2020-11-10T21:30:00Z,369.64,376.95,369.18,370.41
2020-11-11T21:30:00Z,370.4,372.84,367.51,367.87
2020-11-12T21:30:00Z,368.35,368.35,364.03,364.52
2020-11-15T21:30:00Z,364.5,372.09,364.5,369.1
2020-11-16T21:30:00Z,369.03,370.93,366.22,370.1
2020-11-17T21:30:00Z,369.95,375.09,368.66,372.92
2020-11-18T21:30:00Z,372.68,372.68,368.85,370.64
2020-11-19T21:30:00Z,370.19,374.14,369.73,373.85
2020-11-22T21:30:00Z,373.87,379.08,373.87,377.51
2020-11-23T21:30:00Z,377.49,386.09,377.14,385.48
2020-11-24T21:30:00Z,385.7,389.46,385.41,387.24
2020-11-26T21:30:00Z,387.57,388.73,384.03,388.14
2020-11-29T21:30:00Z,388.06,389.19,383.63,386.15
2020-11-30T21:30:00Z,385.59,388.43,382.08,383.64
2020-12-01T21:30:00Z,383.56,388.73,380.73,386.14
2020-12-02T21:30:00Z,386.27,387.42,383.69,387.02
2020-12-03T21:30:00Z,386.68,391.4,386.68,387.84
2020-12-06T21:30:00Z,388.68,389.5,383.11,386.57
2020-12-07T21:30:00Z,386.56,387.09,383.89,385.72
2020-12-08T21:30:00Z,385.71,389.42,384.88,387.3
2020-12-09T21:30:00Z,387.29,398.66,387.29,394.52
2020-12-10T21:30:00Z,394.51,396.66,391.67,393.79
2020-12-13T21:30:00Z,393.72,397.8,390.79,395.18
2020-12-14T21:30:00Z,395.26,398.58,393.66,398.22
2020-12-15T21:30:00Z,398.36,400.49,397.13,400.03
2020-12-16T21:30:00Z,400.13,405.12,400.13,404.64
2020-12-17T21:30:00Z,404.51,408.6,404.07,407.68
2020-12-20T21:30:00Z,408.02,408.02,393.69,402.01
2020-12-21T21:30:00Z,402.18,402.72,395.82,398.24
2020-12-22T21:30:00Z,398.69,406.13,394.78,404.3
2020-12-23T21:30:00Z,404.54,406.54,402.63,404.95
2020-12-27T21:30:00Z,404.67,406.91,401.52,401.94
2020-12-28T21:30:00Z,401.83,405.5,401.53,404.75
2020-12-29T21:30:00Z,404.68,408.5,403.56,407.59
2020-12-30T21:30:00Z,407.83,409.73,405.45,409.39
2021-01-03T21:30:00Z,409.75,418.98,406.51,407.76
2021-01-04T21:30:00Z,408.05,421.8,407.43,420.72
2021-01-05T21:30:00Z,420.63,425.44,419.97,420.69
2021-01-06T21:30:00Z,422.7,425.87,420.86,423.61
2021-01-07T21:30:00Z,423.6,427.95,423.28,427.86
2021-01-10T21:30:00Z,427.84,427.98,422.51,426.27
2021-01-11T21:30:00Z,426.26,434.14,425.96,434.03
2021-01-12T21:30:00Z,434.02,438.61,432.13,433.66
2021-01-13T21:30:00Z,433.65,437.44,430.62,437.01
2021-01-14T21:30:00Z,436.94,438.08,429.55,431.46
2021-01-18T21:30:00Z,431.76,434.27,430.23,432.26
2021-01-19T21:30:00Z,432.33,434.83,431.45,433.22
2021-01-20T21:30:00Z,433.66,434.57,431.89,433.17
2021-01-21T21:30:00Z,433.36,433.36,424.12,427.35
2021-01-24T21:30:00Z,427.41,431.76,426.5,431.53
2021-01-25T21:30:00Z,431.49,434.99,429.27,433.62
2021-01-26T21:30:00Z,433.84,436.28,429.24,432.53
2021-01-27T21:30:00Z,433.31,437.78,429.16,430.6
2021-01-28T21:30:00Z,430.55,436.31,429.15,431.27
2021-01-31T21:30:00Z,430.99,437.84,430.99,437.65
2021-02-01T21:30:00Z,437.28,443.21,436.95,440.89
2021-02-02T21:30:00Z,441,447,440.78,445.56
2021-02-03T21:30:00Z,445.62,447.78,442.84,447.42
2021-02-04T21:30:00Z,447.25,453.21,447.25,450.8
2021-02-07T21:30:00Z,450.68,458.4,450.68,457.8
2021-02-08T21:30:00Z,457.79,461.4,455.64,459.73
2021-02-09T21:30:00Z,459.72,460.96,457.48,459.57
2021-02-10T21:30:00Z,459.56,461.24,456.59,457.87
2021-02-11T21:30:00Z,458.74,465.28,455.14,464.29
2021-02-15T21:30:00Z,463.95,471.15,463.95,470.36
2021-02-16T21:30:00Z,470.27,474.93,467.8,473.14
2021-02-17T21:30:00Z,473.15,478.22,470.13,472.09
2021-02-18T21:30:00Z,472.78,475.47,465.39,469.26
2021-02-21T21:30:00Z,470.09,480.96,470.09,480.57
2021-02-22T21:30:00Z,480.9,487.2,476.18,481.89
2021-02-23T21:30:00Z,481.16,489.8,478.38,489.04
2021-02-24T21:30:00Z,489.3,493.1,485.66,488.5
2021-02-25T21:30:00Z,488.49,488.49,476.5,477.24
2021-02-28T21:30:00Z,476.99,483.82,470.17,471.97
2021-03-01T21:30:00Z,472.62,476.76,466.45,472.15
2021-03-02T21:30:00Z,471.96,477.05,470.77,474.55
2021-03-03T21:30:00Z,474.61,486.48,468.61,481.38
2021-03-04T21:30:00Z,481.37,492.7,479.78,491.6
2021-03-07T21:30:00Z,491.49,500.9,486.01,487.78
2021-03-08T21:30:00Z,487.77,491.32,483.26,485.07
2021-03-09T21:30:00Z,485.06,487.5,480.43,485.66
2021-03-10T21:30:00Z,485.65,493.71,485.65,493.54
2021-03-11T21:30:00Z,493.41,494.3,490.52,492.03
2021-03-14T20:30:00Z,492.22,495.55,487.24,491.58
2021-03-15T20:30:00Z,491.91,492.26,485.79,489.94
2021-03-16T20:30:00Z,490.18,492.38,485.12,488.51
2021-03-17T20:30:00Z,488.61,489.67,467.45,467.83
2021-03-18T20:30:00Z,469.28,476.43,464.44,475.24
2021-03-21T20:30:00Z,475.1,477.38,470.48,475.88
2021-03-22T20:30:00Z,475.63,475.65,459.95,461.26
2021-03-23T20:30:00Z,461.39,474.69,459.11,473.64
2021-03-24T20:30:00Z,474.22,474.22,458.32,461.89
2021-03-25T20:30:00Z,462.3,475.32,462.3,473.93
2021-03-28T20:30:00Z,474.01,476.42,467.72,474.37
2021-03-29T20:30:00Z,474.58,476.52,467.52,468.61
2021-03-30T20:30:00Z,468.96,473.92,466.46,467.59
2021-03-31T20:30:00Z,467.41,475.29,466.14,473.6
2021-04-04T20:30:00Z,474.02,474.36,460.93,464.54
2021-04-05T20:30:00Z,464.33,475.09,464.33,468.53
2021-04-06T20:30:00Z,468.57,471.08,464.22,469.92
2021-04-07T20:30:00Z,469.91,473.63,468.1,472.6
2021-04-08T20:30:00Z,472.59,473.8,470.08,471.03
2021-04-11T20:30:00Z,471.13,475.83,467.9,470.42
2021-04-12T20:30:00Z,470.41,475.52,469.94,473.74
2021-04-13T20:30:00Z,473.73,488.54,473.71,486.77
2021-04-14T20:30:00Z,487.52,490.42,485.98,489.82
2021-04-15T20:30:00Z,490.15,492.14,488.31,488.76
2021-04-18T20:30:00Z,488.72,491.99,486.92,490.88
2021-04-19T20:30:00Z,490.87,495.48,485.44,489.24
2021-04-20T20:30:00Z,489.32,490.51,483.39,486.54
2021-04-21T20:30:00Z,487.19,491.2,484.7,490.76
2021-04-22T20:30:00Z,490.26,494.8,489.27,494.35
2021-04-25T20:30:00Z,494.1,498.94,491.17,497.89
2021-04-26T20:30:00Z,497.81,503.69,497.81,502.24
2021-04-27T20:30:00Z,501.96,509.27,498.33,504.08
2021-04-28T20:30:00Z,504.92,512.01,504.04,508.75
2021-04-29T20:30:00Z,508.65,508.66,501.84,505.91
2021-05-02T20:30:00Z,505.85,511.55,504.95,509.72
2021-05-03T20:30:00Z,509.63,517.68,509.63,516.55
2021-05-04T20:30:00Z,516.52,521.43,516.52,518.59
2021-05-05T20:30:00Z,519.21,522.17,516.43,518.93
2021-05-06T20:30:00Z,518.92,523.81,517.93,522.77
2021-05-09T20:30:00Z,523.13,527.47,517.49,520.94
2021-05-10T20:30:00Z,520.93,525.37,517.12,524.55
2021-05-11T20:30:00Z,524.54,530.5,524.43,526.8
2021-05-12T20:30:00Z,526.79,526.79,509.34,511.53
2021-05-13T20:30:00Z,511.52,517.89,509.25,515.07
2021-05-16T20:30:00Z,515,521.48,514.2,521.02
2021-05-17T20:30:00Z,520.92,525.92,514.46,519.58
2021-05-18T20:30:00Z,519.43,519.43,501.59,507.44
2021-05-19T20:30:00Z,507.45,510.74,501.42,502.55
2021-05-20T20:30:00Z,502.4294,508.3179,499.3808,506.3906
2021-05-23T20:30:00Z,506.4006,514.6968,504.7458,514.2601
2021-05-24T20:30:00Z,514.25,516.2186,511.4894,512.5244
2021-05-25T20:30:00Z,512.5143,515.3062,508.7388,513.8867
2021-05-26T20:30:00Z,513.8967,521.1921,511.6271,521.1257
2021-05-27T20:30:00Z,521.1156,523.4326,518.7508,519.2378
2021-05-31T20:30:00Z,519.2278,534.0431,519.2278,528.0727
2021-06-01T20:30:00Z,528.0827,531.8252,527.8384,531.2396
2021-06-02T20:30:00Z,531.2296,534.775,524.7272,527.0465
2021-06-03T20:30:00Z,527.0365,534.3156,525.5039,533.7298
2021-06-06T20:30:00Z,532.2619,535.6789,529.329,529.6597
2021-06-07T20:30:00Z,528.5148,533.4179,526.5323,532.7306
2021-06-08T20:30:00Z,531.6528,534.218,529.2112,531.9255
2021-06-09T20:30:00Z,530.776,533.8401,525.9473,532.6056
2021-06-10T20:30:00Z,531.5351,533.5593,529.425,532.0151
2021-06-13T20:30:00Z,532.0251,532.5131,528.5445,529.5158
2021-06-14T20:30:00Z,529.5258,530.9689,526.8317,529.6908
2021-06-15T20:30:00Z,529.6808,533.805,528.6645,529.9911
2021-06-16T20:30:00Z,529.9811,529.9811,512.2907,515.5154
2021-06-17T20:30:00Z,515.5054,521.5638,512.8952,520.0216
2021-06-20T20:30:00Z,520.0316,525.8247,515.3941,525.5129
2021-06-21T20:30:00Z,525.5228,528.2691,523.3251,525.3563
2021-06-22T20:30:00Z,525.3462,532.8204,525.2045,528.3558
2021-06-23T20:30:00Z,528.3457,528.8053,523.1019,528.6445
2021-06-24T20:30:00Z,528.6238,530.9518,524.3745,529.9753
2021-06-27T20:30:00Z,529.9653,531.9119,527.9177,528.854
2021-06-28T20:30:00Z,528.864,534.3394,524.5825,530.0195
2021-06-29T20:30:00Z,530.0295,538.1569,527.9773,535.9855
2021-06-30T20:30:00Z,535.9755,548.1494,535.5505,540.516
2021-07-01T20:30:00Z,540.526,543.0294,537.6248,541.4666
2021-07-05T20:30:00Z,541.4566,549.5075,527.4145,528.8221
2021-07-06T20:30:00Z,528.8321,536.5394,519.1343,523.8284
2021-07-07T20:30:00Z,523.1523,525.6993,517.5462,524.9529
2021-07-08T20:30:00Z,524.2829,532.5196,523.4435,531.7683
2021-07-11T20:30:00Z,531.0875,532.4345,525.1807,531.7616
2021-07-12T20:30:00Z,531.115,537.5997,529.1847,536.7068
2021-07-13T20:30:00Z,536.0963,538.7239,528.0961,531.4216
2021-07-14T20:30:00Z,531.4315,531.4354,525.2393,527.3295
2021-07-15T20:30:00Z,527.3395,530.6545,523.8256,528.1844
2021-07-18T20:30:00Z,528.1744,528.1744,504.3517,506.4987
2021-07-19T20:30:00Z,506.5087,513.4881,504.0913,512.6392
2021-07-20T20:30:00Z,512.6292,525.9189,509.6657,525.4522
2021-07-21T20:30:00Z,525.4422,532.1167,522.5134,531.6957
2021-07-22T20:30:00Z,531.6856,533.1802,530.5304,532.4933
2021-07-25T20:30:00Z,532.4833,536.2514,526.2349,535.338
2021-07-26T20:30:00Z,535.328,537.7866,531.0806,532.9326
2021-07-27T20:30:00Z,532.9226,536.6015,532.7054,535.568
2021-07-28T20:30:00Z,535.578,543.4413,535.1468,543.3273
2021-07-29T20:30:00Z,543.3373,543.3373,538.6937,541.139
2021-08-01T20:30:00Z,541.1289,541.2612,530.7,533.4648
2021-08-02T20:30:00Z,533.4548,535.0255,524.2778,530.1606
2021-08-03T20:30:00Z,530.1506,532.1938,521.1215,521.9146
2021-08-04T20:30:00Z,521.9046,527.7208,519.5254,526.0345
2021-08-05T20:30:00Z,525.612,529.6724,520.6671,522.3483
2021-08-08T20:30:00Z,522.0897,522.0897,508.5736,512.5185
2021-08-09T20:30:00Z,512.3716,523.3355,512.3555,521.3405
2021-08-10T20:30:00Z,521.0655,525.3658,515.5437,525.0665
2021-08-11T20:30:00Z,524.7968,528.4711,520.7202,525.8777
2021-08-12T20:30:00Z,525.8677,528.3994,522.0931,524.7547
2021-08-15T20:30:00Z,524.7447,524.7447,515.0235,520.5332
2021-08-16T20:30:00Z,520.5232,522.1001,514.4669,515.4407
2021-08-17T20:30:00Z,515.4307,518.4047,509.6468,511.283
2021-08-18T20:30:00Z,511.293,511.293,496.7966,500.3895
2021-08-19T20:30:00Z,500.3995,503.0393,493.9939,494.4393
2021-08-22T20:30:00Z,494.4292,511.4698,494.4292,510.6597
2021-08-23T20:30:00Z,510.6497,520.5911,509.5968,520.1149
2021-08-24T20:30:00Z,520.1048,524.7943,517.1864,524.3153
2021-08-25T20:30:00Z,524.3253,525.04,520.0767,521.5775
2021-08-26T20:30:00Z,521.5875,529.2918,521.5875,529.0891
2021-08-29T20:30:00Z,529.0991,533.3347,526.3627,529.6891
2021-08-30T20:30:00Z,529.699,531.3354,524.7274,527.3577
2021-08-31T20:30:00Z,527.3676,529.8293,520.7402,526.0972
2021-09-01T20:30:00Z,526.0872,535.0952,523.3863,532.6542
2021-09-02T20:30:00Z,532.6442,536.0323,530.769,531.883
2021-09-06T20:30:00Z,531.873,532.6837,523.6509,525.0864
2021-09-07T20:30:00Z,524.8318,531.9525,524.8181,528.8267
2021-09-08T20:30:00Z,528.5433,530.947,522.6803,525.1084
2021-09-09T20:30:00Z,524.8568,532.2897,522.4921,531.435
2021-09-12T20:30:00Z,531.132,535.1111,531.0668,533.3944
2021-09-13T20:30:00Z,533.096,536.6702,532.1982,533.9091
2021-09-14T20:30:00Z,533.9191,547.8554,533.8956,545.0228
2021-09-15T20:30:00Z,545.0128,546.1665,537.6751,542.5664
2021-09-16T20:30:00Z,542.5764,543.0761,536.8006,538.8625
2021-09-19T20:30:00Z,538.8524,538.8524,528.2156,529.5644
2021-09-20T20:30:00Z,529.5544,534.9294,524.1751,529.1128
2021-09-21T20:30:00Z,529.1028,539.5212,529.1028,539.2999
2021-09-22T20:30:00Z,539.3099,546.4178,537.5394,546.0033
2021-09-23T20:30:00Z,546.0133,550.4677,543.8256,549.7133
2021-09-26T20:30:00Z,549.7232,559.496,549.7232,558.6956
2021-09-27T20:30:00Z,558.6856,565.1663,554.645,557.5963
2021-09-28T20:30:00Z,557.6063,558.2796,550.6799,554.5249
2021-09-29T20:30:00Z,554.5149,560.3176,549.0702,557.6957
2021-09-30T20:30:00Z,557.7056,562.5339,555.0723,561.8996
2021-10-03T20:30:00Z,561.9095,575.9671,560.2394,571.1519
2021-10-04T20:30:00Z,571.1618,581.1177,570.4178,579.2919
2021-10-05T20:30:00Z,579.2818,583.4461,567.7147,569.1665
2021-10-06T20:30:00Z,568.8594,575.248,559.3959,573.8452
2021-10-07T20:30:00Z,573.5825,581.4231,573.5825,576.8671
2021-10-10T20:30:00Z,576.4987,587.3527,576.4987,581.2425
2021-10-11T20:30:00Z,580.8678,583.7931,576.797,579.4836
2021-10-12T20:30:00Z,579.1022,580.3719,574.4592,579.2084
2021-10-13T20:30:00Z,579.1984,587.913,579.1984,585.9267
2021-10-14T20:30:00Z,585.9166,593.5797,585.9166,591.7359
2021-10-17T20:30:00Z,591.7258,596.6802,572.8511,588.4152
2021-10-18T20:30:00Z,588.4052,593.2761,584.581,589.8944
2021-10-19T20:30:00Z,589.8843,595.9383,583.553,595.7864
2021-10-20T20:30:00Z,595.7764,598.0803,580.4114,585.8167
2021-10-21T20:30:00Z,585.8266,592.4662,583.0885,590.0673
2021-10-24T20:30:00Z,590.0573,599.8605,590.0573,596.5262
2021-10-25T20:30:00Z,596.5162,598.8242,592.4268,598.0591
2021-10-26T20:30:00Z,598.069,598.073,587.4707,590.0125
2021-10-27T20:30:00Z,590.0025,590.3709,579.9638,589.187
2021-10-28T20:30:00Z,589.197,591.0695,581.6121,588.1994
2021-10-31T20:30:00Z,588.2094,594.4617,584.9743,592.3691
2021-11-01T20:30:00Z,592.3791,594.8341,589.0485,592.9439
2021-11-02T20:30:00Z,592.9539,592.9539,578.1427,580.7103
2021-11-03T20:30:00Z,580.7202,592.3251,572.1445,573.6266
2021-11-04T20:30:00Z,573.1889,582.1354,571.9274,580.2739
2021-11-07T21:30:00Z,579.8726,585.3285,579.8726,582.5678
2021-11-08T21:30:00Z,582.1187,586.9333,579.9622,586.56
2021-11-09T21:30:00Z,585.9243,588.8434,577.2577,579.2158
2021-11-10T21:30:00Z,578.7593,584.1069,575.4963,582.5761
2021-11-11T21:30:00Z,582.5661,582.5661,574.615,579.6147
2021-11-14T21:30:00Z,579.6246,580.6995,573.452,579.9347
2021-11-15T21:30:00Z,579.9447,584.1881,577.7499,580.3506
2021-11-16T21:30:00Z,580.3606,580.3606,570.8461,572.2871
2021-11-17T21:30:00Z,572.2771,576.5417,568.3466,575.041
2021-11-18T21:30:00Z,575.031,580.7419,563.3451,567.1227
2021-11-21T21:30:00Z,567.1326,572.3454,563.4206,571.359
2021-11-22T21:30:00Z,571.3489,581.4274,566.6524,580.4577
2021-11-23T21:30:00Z,580.4677,583.9728,579.0142,581.0196
2021-11-25T21:30:00Z,581.0095,581.0095,539.37,539.5186
